﻿<tipTypeMappings>
    <tipTypeMapping fillType="wheat" index="1"/>
    <tipTypeMapping fillType="barley" index="2"/>
    <tipTypeMapping fillType="oat" index="3"/>
    <tipTypeMapping fillType="canola" index="4"/>
    <tipTypeMapping fillType="maize" index="5"/>
    <tipTypeMapping fillType="potato" index="6"/>
    <tipTypeMapping fillType="sugarBeet" index="7"/>
    <tipTypeMapping fillType="soyBean" index="8"/>
    <tipTypeMapping fillType="sunflower" index="9"/>
    <tipTypeMapping fillType="chaff" index="10"/>
    <tipTypeMapping fillType="seeds" index="11"/>
    <tipTypeMapping fillType="lime" index="12"/>
    <tipTypeMapping fillType="fertilizer" index="13"/>
    <tipTypeMapping fillType="sugarCane" index="14"/>
    <tipTypeMapping fillType="straw" index="15"/>
    <tipTypeMapping fillType="grass_windrow" index="16"/>
    <tipTypeMapping fillType="dryGrass_windrow" index="17"/>
    <tipTypeMapping fillType="silage" index="18"/>
    <tipTypeMapping fillType="forage" index="19"/>
    <tipTypeMapping fillType="pigFood" index="20"/>
    <tipTypeMapping fillType="manure" index="21"/>
    <tipTypeMapping fillType="woodChips" index="22"/>
    <tipTypeMapping fillType="tarp" index="23"/>
    <tipTypeMapping fillType="STRAWPELLETS" index="24"/>
    <tipTypeMapping fillType="HAYPELLETS" index="25"/>
    <tipTypeMapping fillType="SNOW" index="26"/>
    <tipTypeMapping fillType="SALT" index="27"/>
    <tipTypeMapping fillType="SEMIDRY_GRASS_WINDROW" index="28"/>
    <tipTypeMapping fillType="potatoWashed" index="29"/>
    <tipTypeMapping fillType="potatoSorted" index="30"/>
    <tipTypeMapping fillType="dirt" index="31"/>
</tipTypeMappings>
