﻿<farms>
    <farm farmId="1" name="My farm" color="1" loan="0.000000" money="29798.601563" loanAnnualInterestRate="100.000000">
        <players>
            <player uniqueUserId="player" farmManager="true" lastNickname="zombi" buyVehicle="true" sellVehicle="true" buyPlaceable="true" sellPlaceable="true" manageContracts="true" tradeAnimals="true" createFields="true" landscaping="true" hireAssistant="true" resetVehicle="true" manageRights="true" transferMoney="true" updateFarm="true" manageContracting="true"/>
        </players>
        <statistics>
            <traveledDistance>385.752380</traveledDistance>
            <fuelUsage>1144.297852</fuelUsage>
            <seedUsage>7593.643555</seedUsage>
            <sprayUsage>7330.785156</sprayUsage>
            <workedHectares>58.239254</workedHectares>
            <cultivatedHectares>10.240475</cultivatedHectares>
            <sownHectares>15.574224</sownHectares>
            <fertilizedHectares>11.826950</fertilizedHectares>
            <threshedHectares>32.424557</threshedHectares>
            <plowedHectares>0.000000</plowedHectares>
            <workedTime>516.653931</workedTime>
            <cultivatedTime>51.032032</cultivatedTime>
            <sownTime>265.926239</sownTime>
            <fertilizedTime>139.883865</fertilizedTime>
            <threshedTime>199.695679</threshedTime>
            <plowedTime>0.000000</plowedTime>
            <baleCount>103</baleCount>
            <breedCowsCount>0</breedCowsCount>
            <breedSheepCount>1</breedSheepCount>
            <breedPigsCount>0</breedPigsCount>
            <breedChickenCount>16</breedChickenCount>
            <breedHorsesCount>0</breedHorsesCount>
            <fieldJobMissionCount>0</fieldJobMissionCount>
            <fieldJobMissionByNPC>0</fieldJobMissionByNPC>
            <transportMissionCount>0</transportMissionCount>
            <revenue>0.000000</revenue>
            <expenses>170.050629</expenses>
            <playTime>775.819946</playTime>
            <plantedTreeCount>0</plantedTreeCount>
            <cutTreeCount>0</cutTreeCount>
            <woodTonsSold>0.000000</woodTonsSold>
            <treeTypesCut>000000</treeTypesCut>
        </statistics>
        <finances>
            <stats day="0">
                <newVehiclesCost>0.000000</newVehiclesCost>
                <soldVehicles>0.000000</soldVehicles>
                <newAnimalsCost>0.000000</newAnimalsCost>
                <soldAnimals>0.000000</soldAnimals>
                <constructionCost>0.000000</constructionCost>
                <soldBuildings>0.000000</soldBuildings>
                <fieldPurchase>0.000000</fieldPurchase>
                <fieldSelling>0.000000</fieldSelling>
                <vehicleRunningCost>0.000000</vehicleRunningCost>
                <vehicleLeasingCost>0.000000</vehicleLeasingCost>
                <animalUpkeep>0.000000</animalUpkeep>
                <propertyMaintenance>0.000000</propertyMaintenance>
                <propertyIncome>0.000000</propertyIncome>
                <soldWood>0.000000</soldWood>
                <soldBales>0.000000</soldBales>
                <soldWool>0.000000</soldWool>
                <soldMilk>0.000000</soldMilk>
                <purchaseFuel>0.000000</purchaseFuel>
                <purchaseSeeds>0.000000</purchaseSeeds>
                <purchaseFertilizer>0.000000</purchaseFertilizer>
                <purchaseSaplings>0.000000</purchaseSaplings>
                <purchaseWater>0.000000</purchaseWater>
                <harvestIncome>0.000000</harvestIncome>
                <incomeBga>0.000000</incomeBga>
                <missionIncome>0.000000</missionIncome>
                <wagePayment>0.000000</wagePayment>
                <other>0.000000</other>
                <loanInterest>0.000000</loanInterest>
                <seasons_livery_stable>0.000000</seasons_livery_stable>
            </stats>
            <stats day="1">
                <newVehiclesCost>-1340334.000000</newVehiclesCost>
                <soldVehicles>281480.000000</soldVehicles>
                <newAnimalsCost>-27900.000000</newAnimalsCost>
                <soldAnimals>0.000000</soldAnimals>
                <constructionCost>-4869.000000</constructionCost>
                <soldBuildings>0.000000</soldBuildings>
                <fieldPurchase>-1124668.875000</fieldPurchase>
                <fieldSelling>471592.812500</fieldSelling>
                <vehicleRunningCost>-6131.931152</vehicleRunningCost>
                <vehicleLeasingCost>-2274.600098</vehicleLeasingCost>
                <animalUpkeep>0.000000</animalUpkeep>
                <propertyMaintenance>-5.000000</propertyMaintenance>
                <propertyIncome>0.000000</propertyIncome>
                <soldWood>0.000000</soldWood>
                <soldBales>0.000000</soldBales>
                <soldWool>0.000000</soldWool>
                <soldMilk>0.000000</soldMilk>
                <purchaseFuel>-279.813416</purchaseFuel>
                <purchaseSeeds>-7200.000000</purchaseSeeds>
                <purchaseFertilizer>0.000000</purchaseFertilizer>
                <purchaseSaplings>0.000000</purchaseSaplings>
                <purchaseWater>0.000000</purchaseWater>
                <harvestIncome>0.000000</harvestIncome>
                <incomeBga>0.000000</incomeBga>
                <missionIncome>0.000000</missionIncome>
                <wagePayment>0.000000</wagePayment>
                <other>2097230.000000</other>
                <loanInterest>0.000000</loanInterest>
                <seasons_livery_stable>0.000000</seasons_livery_stable>
            </stats>
            <stats day="2">
                <newVehiclesCost>-676644.000000</newVehiclesCost>
                <soldVehicles>192447.000000</soldVehicles>
                <newAnimalsCost>-67500.000000</newAnimalsCost>
                <soldAnimals>0.000000</soldAnimals>
                <constructionCost>-22792.843750</constructionCost>
                <soldBuildings>2000.000000</soldBuildings>
                <fieldPurchase>0.000000</fieldPurchase>
                <fieldSelling>0.000000</fieldSelling>
                <vehicleRunningCost>-2945.553467</vehicleRunningCost>
                <vehicleLeasingCost>-18171.300781</vehicleLeasingCost>
                <animalUpkeep>0.000000</animalUpkeep>
                <propertyMaintenance>-59.020000</propertyMaintenance>
                <propertyIncome>0.000000</propertyIncome>
                <soldWood>0.000000</soldWood>
                <soldBales>0.000000</soldBales>
                <soldWool>0.000000</soldWool>
                <soldMilk>0.000000</soldMilk>
                <purchaseFuel>-4576.291016</purchaseFuel>
                <purchaseSeeds>-10800.000000</purchaseSeeds>
                <purchaseFertilizer>-24960.000000</purchaseFertilizer>
                <purchaseSaplings>0.000000</purchaseSaplings>
                <purchaseWater>0.000000</purchaseWater>
                <harvestIncome>129938.992188</harvestIncome>
                <incomeBga>0.000000</incomeBga>
                <missionIncome>0.000000</missionIncome>
                <wagePayment>-7.445707</wagePayment>
                <other>289220.000000</other>
                <loanInterest>0.000000</loanInterest>
                <seasons_livery_stable>0.000000</seasons_livery_stable>
            </stats>
            <stats day="3">
                <newVehiclesCost>-722440.000000</newVehiclesCost>
                <soldVehicles>224022.000000</soldVehicles>
                <newAnimalsCost>-27000.000000</newAnimalsCost>
                <soldAnimals>0.000000</soldAnimals>
                <constructionCost>-225.000000</constructionCost>
                <soldBuildings>0.000000</soldBuildings>
                <fieldPurchase>0.000000</fieldPurchase>
                <fieldSelling>0.000000</fieldSelling>
                <vehicleRunningCost>-4247.386230</vehicleRunningCost>
                <vehicleLeasingCost>-1509.599976</vehicleLeasingCost>
                <animalUpkeep>0.000000</animalUpkeep>
                <propertyMaintenance>-59.256001</propertyMaintenance>
                <propertyIncome>0.000000</propertyIncome>
                <soldWood>0.000000</soldWood>
                <soldBales>0.000000</soldBales>
                <soldWool>0.000000</soldWool>
                <soldMilk>0.000000</soldMilk>
                <purchaseFuel>-0.021269</purchaseFuel>
                <purchaseSeeds>-8100.000000</purchaseSeeds>
                <purchaseFertilizer>0.000000</purchaseFertilizer>
                <purchaseSaplings>0.000000</purchaseSaplings>
                <purchaseWater>0.000000</purchaseWater>
                <harvestIncome>52349.269531</harvestIncome>
                <incomeBga>0.000000</incomeBga>
                <missionIncome>0.000000</missionIncome>
                <wagePayment>-0.554657</wagePayment>
                <other>295220.000000</other>
                <loanInterest>0.000000</loanInterest>
                <seasons_livery_stable>0.000000</seasons_livery_stable>
            </stats>
        </finances>
    </farm>
</farms>
