﻿<farmlands>
    <farmland id="1" farmId="0"/>
    <farmland id="2" farmId="1"/>
    <farmland id="3" farmId="0"/>
    <farmland id="4" farmId="0"/>
    <farmland id="5" farmId="0"/>
    <farmland id="6" farmId="0"/>
    <farmland id="7" farmId="0"/>
    <farmland id="8" farmId="0"/>
    <farmland id="9" farmId="0"/>
    <farmland id="10" farmId="0"/>
    <farmland id="11" farmId="0"/>
    <farmland id="12" farmId="0"/>
    <farmland id="13" farmId="0"/>
    <farmland id="14" farmId="0"/>
    <farmland id="15" farmId="0"/>
    <farmland id="16" farmId="0"/>
    <farmland id="17" farmId="0"/>
    <farmland id="18" farmId="0"/>
    <farmland id="19" farmId="1"/>
    <farmland id="20" farmId="1"/>
    <farmland id="21" farmId="0"/>
    <farmland id="22" farmId="0"/>
    <farmland id="23" farmId="0"/>
    <farmland id="24" farmId="0"/>
    <farmland id="25" farmId="0"/>
    <farmland id="26" farmId="0"/>
    <farmland id="27" farmId="0"/>
    <farmland id="28" farmId="0"/>
    <farmland id="29" farmId="0"/>
    <farmland id="30" farmId="0"/>
    <farmland id="31" farmId="0"/>
    <farmland id="32" farmId="0"/>
    <farmland id="33" farmId="0"/>
    <farmland id="34" farmId="0"/>
    <farmland id="35" farmId="0"/>
    <farmland id="36" farmId="0"/>
    <farmland id="37" farmId="0"/>
    <farmland id="38" farmId="0"/>
    <farmland id="39" farmId="0"/>
    <farmland id="40" farmId="0"/>
    <farmland id="41" farmId="0"/>
    <farmland id="42" farmId="0"/>
    <farmland id="43" farmId="0"/>
    <farmland id="44" farmId="0"/>
    <farmland id="45" farmId="0"/>
    <farmland id="46" farmId="0"/>
    <farmland id="47" farmId="0"/>
    <farmland id="48" farmId="0"/>
    <farmland id="49" farmId="0"/>
    <farmland id="50" farmId="0"/>
    <farmland id="51" farmId="0"/>
    <farmland id="52" farmId="0"/>
    <farmland id="53" farmId="0"/>
    <farmland id="54" farmId="0"/>
    <farmland id="55" farmId="0"/>
    <farmland id="56" farmId="0"/>
    <farmland id="57" farmId="0"/>
    <farmland id="58" farmId="0"/>
    <farmland id="59" farmId="0"/>
    <farmland id="60" farmId="0"/>
    <farmland id="61" farmId="0"/>
    <farmland id="62" farmId="0"/>
    <farmland id="63" farmId="0"/>
    <leasedFarmlands id="1" isLeased="false"/>
    <leasedFarmlands id="2" isLeased="false"/>
    <leasedFarmlands id="3" isLeased="false"/>
    <leasedFarmlands id="4" isLeased="false"/>
    <leasedFarmlands id="5" isLeased="false"/>
    <leasedFarmlands id="6" isLeased="false"/>
    <leasedFarmlands id="7" isLeased="false"/>
    <leasedFarmlands id="8" isLeased="false"/>
    <leasedFarmlands id="9" isLeased="false"/>
    <leasedFarmlands id="10" isLeased="false"/>
    <leasedFarmlands id="11" isLeased="false"/>
    <leasedFarmlands id="12" isLeased="false"/>
    <leasedFarmlands id="13" isLeased="false"/>
    <leasedFarmlands id="14" isLeased="false"/>
    <leasedFarmlands id="15" isLeased="false"/>
    <leasedFarmlands id="16" isLeased="false"/>
    <leasedFarmlands id="17" isLeased="false"/>
    <leasedFarmlands id="18" isLeased="false"/>
    <leasedFarmlands id="19" isLeased="false"/>
    <leasedFarmlands id="20" isLeased="false"/>
    <leasedFarmlands id="21" isLeased="false"/>
    <leasedFarmlands id="22" isLeased="false"/>
    <leasedFarmlands id="23" isLeased="false"/>
    <leasedFarmlands id="24" isLeased="false"/>
    <leasedFarmlands id="25" isLeased="false"/>
    <leasedFarmlands id="26" isLeased="false"/>
    <leasedFarmlands id="27" isLeased="false"/>
    <leasedFarmlands id="28" isLeased="false"/>
    <leasedFarmlands id="29" isLeased="false"/>
    <leasedFarmlands id="30" isLeased="false"/>
    <leasedFarmlands id="31" isLeased="false"/>
    <leasedFarmlands id="32" isLeased="false"/>
    <leasedFarmlands id="33" isLeased="false"/>
    <leasedFarmlands id="34" isLeased="false"/>
    <leasedFarmlands id="35" isLeased="false"/>
    <leasedFarmlands id="36" isLeased="false"/>
    <leasedFarmlands id="37" isLeased="false"/>
    <leasedFarmlands id="38" isLeased="false"/>
    <leasedFarmlands id="39" isLeased="false"/>
    <leasedFarmlands id="40" isLeased="false"/>
    <leasedFarmlands id="41" isLeased="false"/>
    <leasedFarmlands id="42" isLeased="false"/>
    <leasedFarmlands id="43" isLeased="false"/>
    <leasedFarmlands id="44" isLeased="false"/>
    <leasedFarmlands id="45" isLeased="false"/>
    <leasedFarmlands id="46" isLeased="false"/>
    <leasedFarmlands id="47" isLeased="false"/>
    <leasedFarmlands id="48" isLeased="false"/>
    <leasedFarmlands id="49" isLeased="false"/>
    <leasedFarmlands id="50" isLeased="false"/>
    <leasedFarmlands id="51" isLeased="false"/>
    <leasedFarmlands id="52" isLeased="false"/>
    <leasedFarmlands id="53" isLeased="false"/>
    <leasedFarmlands id="54" isLeased="false"/>
    <leasedFarmlands id="55" isLeased="false"/>
    <leasedFarmlands id="56" isLeased="false"/>
    <leasedFarmlands id="57" isLeased="false"/>
    <leasedFarmlands id="58" isLeased="false"/>
    <leasedFarmlands id="59" isLeased="false"/>
    <leasedFarmlands id="60" isLeased="false"/>
    <leasedFarmlands id="61" isLeased="false"/>
    <leasedFarmlands id="62" isLeased="false"/>
    <leasedFarmlands id="63" isLeased="false"/>
</farmlands>
