﻿<guidanceSteering version="1">
    <settings>
        <showGuidanceLines>false</showGuidanceLines>
        <guidanceTerrainAngleIsActive>true</guidanceTerrainAngleIsActive>
    </settings>
    <tracks>
        <track id="1" name="cultivator" strategy="1" method="2">
            <guidanceData width="8.435000" offsetWidth="0.000000" snapDirection="0 1 160.7949 449.6849" driveTarget="108.2699 204.3949 289.3859 9.9999999974898e-05 0.99990000000003"/>
        </track>
        <track id="2" name="grass" strategy="1" method="1">
            <guidanceData width="8.435000" offsetWidth="0.000000" snapDirection="0 1 158.8841 147.9553" driveTarget="108.2699 204.3949 289.3859 9.9999999974898e-05 0.99990000000003"/>
        </track>
        <track id="3" name="sowin 57" strategy="1" method="1">
            <guidanceData width="4.200000" offsetWidth="0.000000" snapDirection="1 6.1232339957368e-17 206.49223327637 404.21658325195" driveTarget="206.29148864746 204.23373413086 404.20114135742 -0.99988726834003 0.015015012871205"/>
        </track>
        <track id="4" name="sowin 58" strategy="1" method="1">
            <guidanceData width="9.144000" offsetWidth="0.000000" snapDirection="1 6.1232339957368e-17 193.21098327637 474.93841552734" driveTarget="193.21418762207 200.27258300781 474.93957519531 0.99983830802457 -0.017982152445446"/>
        </track>
    </tracks>
</guidanceSteering>
