﻿<missions>
    <mission type="mow_bale" reward="7083" status="0" success="false">
        <field id="3" sprayFactor="0.000000" spraySet="false" plowFactor="1.000000" state="2" vehicleGroup="2" vehicleUseCost="558.064026" spawnedVehicles="false" growthState="4" limeFactor="1.000000" weedFactor="1.000000" fruitTypeName="GRASS"/>
        <bale sellPoint="1" fillTypeName="DRYGRASS_WINDROW" depositedLiters="0.000000"/>
    </mission>
    <mission type="mow_bale" reward="2986" status="0" success="false">
        <field id="93" sprayFactor="0.000000" spraySet="false" plowFactor="1.000000" state="2" vehicleGroup="1" vehicleUseCost="213.921494" spawnedVehicles="false" growthState="4" limeFactor="1.000000" weedFactor="1.000000" fruitTypeName="GRASS"/>
        <bale sellPoint="1" fillTypeName="SILAGE" depositedLiters="0.000000"/>
    </mission>
    <mission type="mow_bale" reward="6387" status="0" success="false">
        <field id="23" sprayFactor="1.000000" spraySet="false" plowFactor="1.000000" state="2" vehicleGroup="2" vehicleUseCost="503.275513" spawnedVehicles="false" growthState="4" limeFactor="1.000000" weedFactor="1.000000" fruitTypeName="GRASS"/>
        <bale sellPoint="1" fillTypeName="DRYGRASS_WINDROW" depositedLiters="0.000000"/>
    </mission>
    <mission type="mow_bale" reward="13519" status="0" success="false">
        <field id="87" sprayFactor="1.000000" spraySet="false" plowFactor="1.000000" state="2" vehicleGroup="1" vehicleUseCost="968.337524" spawnedVehicles="false" growthState="4" limeFactor="0.000000" weedFactor="1.000000" fruitTypeName="GRASS"/>
        <bale sellPoint="1" fillTypeName="SILAGE" depositedLiters="0.000000"/>
    </mission>
    <mission type="mow_bale" reward="14869" status="0" success="false">
        <field id="89" sprayFactor="0.500000" spraySet="false" plowFactor="1.000000" state="2" vehicleGroup="1" vehicleUseCost="1065.025024" spawnedVehicles="false" growthState="4" limeFactor="1.000000" weedFactor="1.000000" fruitTypeName="GRASS"/>
        <bale sellPoint="1" fillTypeName="SILAGE" depositedLiters="0.000000"/>
    </mission>
    <mission type="mow_bale" reward="3421" status="0" success="false">
        <field id="47" sprayFactor="0.000000" spraySet="false" plowFactor="1.000000" state="2" vehicleGroup="1" vehicleUseCost="245.069504" spawnedVehicles="false" growthState="4" limeFactor="1.000000" weedFactor="1.000000" fruitTypeName="GRASS"/>
        <bale sellPoint="1" fillTypeName="SILAGE" depositedLiters="0.000000"/>
    </mission>
    <mission type="mow_bale" reward="4493" status="0" success="false">
        <field id="21" sprayFactor="0.000000" spraySet="false" plowFactor="1.000000" state="2" vehicleGroup="2" vehicleUseCost="354.015991" spawnedVehicles="false" growthState="4" limeFactor="0.000000" weedFactor="1.000000" fruitTypeName="GRASS"/>
        <bale sellPoint="1" fillTypeName="DRYGRASS_WINDROW" depositedLiters="0.000000"/>
    </mission>
    <mission type="mow_bale" reward="6319" status="0" success="false">
        <field id="91" sprayFactor="1.000000" spraySet="false" plowFactor="1.000000" state="2" vehicleGroup="1" vehicleUseCost="452.614502" spawnedVehicles="false" growthState="4" limeFactor="1.000000" weedFactor="1.000000" fruitTypeName="GRASS"/>
        <bale sellPoint="1" fillTypeName="SILAGE" depositedLiters="0.000000"/>
    </mission>
    <mission type="mow_bale" reward="4583" status="0" success="false">
        <field id="12" sprayFactor="0.500000" spraySet="false" plowFactor="1.000000" state="2" vehicleGroup="2" vehicleUseCost="361.133514" spawnedVehicles="false" growthState="4" limeFactor="0.000000" weedFactor="1.000000" fruitTypeName="GRASS"/>
        <bale sellPoint="1" fillTypeName="DRYGRASS_WINDROW" depositedLiters="0.000000"/>
    </mission>
    <mission type="mow_bale" reward="4166" status="0" success="false">
        <field id="26" sprayFactor="0.500000" spraySet="false" plowFactor="1.000000" state="2" vehicleGroup="2" vehicleUseCost="328.237000" spawnedVehicles="false" growthState="4" limeFactor="1.000000" weedFactor="1.000000" fruitTypeName="GRASS"/>
        <bale sellPoint="1" fillTypeName="DRYGRASS_WINDROW" depositedLiters="0.000000"/>
    </mission>
    <mission type="mow_bale" reward="3078" status="0" success="false">
        <field id="14" sprayFactor="0.000000" spraySet="false" plowFactor="1.000000" state="2" vehicleGroup="2" vehicleUseCost="242.534500" spawnedVehicles="false" growthState="4" limeFactor="1.000000" weedFactor="1.000000" fruitTypeName="GRASS"/>
        <bale sellPoint="1" fillTypeName="DRYGRASS_WINDROW" depositedLiters="0.000000"/>
    </mission>
    <mission type="mow_bale" reward="9724" status="0" success="false">
        <field id="84" sprayFactor="0.500000" spraySet="false" plowFactor="1.000000" state="2" vehicleGroup="2" vehicleUseCost="766.200500" spawnedVehicles="false" growthState="4" limeFactor="0.000000" weedFactor="1.000000" fruitTypeName="GRASS"/>
        <bale sellPoint="1" fillTypeName="DRYGRASS_WINDROW" depositedLiters="0.000000"/>
    </mission>
    <mission type="mow_bale" reward="6321" status="0" success="false">
        <field id="8" sprayFactor="1.000000" spraySet="false" plowFactor="1.000000" state="2" vehicleGroup="1" vehicleUseCost="452.783508" spawnedVehicles="false" growthState="4" limeFactor="1.000000" weedFactor="1.000000" fruitTypeName="GRASS"/>
        <bale sellPoint="1" fillTypeName="SILAGE" depositedLiters="0.000000"/>
    </mission>
    <mission type="mow_bale" reward="7621" status="0" success="false">
        <field id="92" sprayFactor="0.000000" spraySet="false" plowFactor="1.000000" state="2" vehicleGroup="2" vehicleUseCost="600.476501" spawnedVehicles="false" growthState="4" limeFactor="1.000000" weedFactor="1.000000" fruitTypeName="GRASS"/>
        <bale sellPoint="1" fillTypeName="DRYGRASS_WINDROW" depositedLiters="0.000000"/>
    </mission>
    <mission type="mow_bale" reward="4547" status="0" success="false">
        <field id="49" sprayFactor="0.000000" spraySet="false" plowFactor="1.000000" state="2" vehicleGroup="2" vehicleUseCost="358.279999" spawnedVehicles="false" growthState="4" limeFactor="0.000000" weedFactor="1.000000" fruitTypeName="GRASS"/>
        <bale sellPoint="1" fillTypeName="DRYGRASS_WINDROW" depositedLiters="0.000000"/>
    </mission>
    <mission type="transport" reward="1026" status="0" success="false" timeLeft="109014424" config="CRATES" pickupTrigger="TRANSPORT07" dropoffTrigger="TRANSPORT06" objectFilename="data/objects/pallets/missions/transportPalletCrates.i3d" numObjects="2"/>
    <mission type="mow_bale" reward="4713" status="0" success="false">
        <field id="90" sprayFactor="0.500000" spraySet="false" plowFactor="1.000000" state="2" vehicleGroup="2" vehicleUseCost="371.338501" spawnedVehicles="false" growthState="4" limeFactor="1.000000" weedFactor="1.000000" fruitTypeName="GRASS"/>
        <bale sellPoint="1" fillTypeName="DRYGRASS_WINDROW" depositedLiters="0.000000"/>
    </mission>
    <mission type="mow_bale" reward="2954" status="0" success="false">
        <field id="20" sprayFactor="1.000000" spraySet="false" plowFactor="1.000000" state="2" vehicleGroup="1" vehicleUseCost="211.633499" spawnedVehicles="false" growthState="4" limeFactor="1.000000" weedFactor="1.000000" fruitTypeName="GRASS"/>
        <bale sellPoint="1" fillTypeName="SILAGE" depositedLiters="0.000000"/>
    </mission>
    <mission type="harvest" reward="4465" status="0" success="false">
        <field id="56" sprayFactor="0.000000" spraySet="false" plowFactor="1.000000" state="2" vehicleGroup="6" vehicleUseCost="703.592529" spawnedVehicles="false" growthState="5" limeFactor="1.000000" weedFactor="1.000000" fruitTypeName="SUNFLOWER"/>
        <harvest sellPoint="30" expectedLiters="21107.773438" depositedLiters="0.000000"/>
    </mission>
    <mission type="harvest" reward="5543" status="0" success="false">
        <field id="4" sprayFactor="0.000000" spraySet="false" plowFactor="1.000000" state="2" vehicleGroup="7" vehicleUseCost="873.450500" spawnedVehicles="false" growthState="6" limeFactor="1.000000" weedFactor="1.000000" fruitTypeName="SUNFLOWER"/>
        <harvest sellPoint="30" expectedLiters="26203.513672" depositedLiters="0.000000"/>
    </mission>
    <mission type="harvest" reward="5180" status="0" success="false">
        <field id="52" sprayFactor="0.000000" spraySet="false" plowFactor="1.000000" state="2" vehicleGroup="1" vehicleUseCost="816.276489" spawnedVehicles="false" growthState="5" limeFactor="1.000000" weedFactor="1.000000" fruitTypeName="CANOLA"/>
        <harvest sellPoint="9" expectedLiters="27313.867188" depositedLiters="0.000000"/>
    </mission>
    <mission type="mow_bale" reward="2485" status="0" success="false">
        <field id="48" sprayFactor="1.000000" spraySet="false" plowFactor="1.000000" state="2" vehicleGroup="2" vehicleUseCost="195.819000" spawnedVehicles="false" growthState="4" limeFactor="1.000000" weedFactor="1.000000" fruitTypeName="GRASS"/>
        <bale sellPoint="1" fillTypeName="DRYGRASS_WINDROW" depositedLiters="0.000000"/>
    </mission>
    <mission type="transport" reward="1181" status="0" success="false" timeLeft="89552940" config="HOTEL DELIVERY" pickupTrigger="TRANSPORT01" dropoffTrigger="TRANSPORT05" objectFilename="data/objects/pallets/missions/transportPalletWhiteBoxes.i3d" numObjects="2"/>
    <mission type="fertilize" reward="2457" status="0" success="false">
        <field id="74" sprayFactor="0.000000" spraySet="false" plowFactor="1.000000" state="2" vehicleGroup="1" vehicleUseCost="351.104004" spawnedVehicles="false" growthState="2" limeFactor="1.000000" weedFactor="1.000000" fruitTypeName="SUGARBEET"/>
    </mission>
    <mission type="harvest" reward="4716" status="0" success="false">
        <field id="37" sprayFactor="0.000000" spraySet="false" plowFactor="1.000000" state="2" vehicleGroup="8" vehicleUseCost="232.231995" spawnedVehicles="false" growthState="5" limeFactor="1.000000" weedFactor="1.000000" fruitTypeName="POTATO"/>
        <harvest sellPoint="119" expectedLiters="55333.742188" depositedLiters="0.000000"/>
    </mission>
    <mission type="harvest" reward="30846" status="0" success="false">
        <field id="69" sprayFactor="0.000000" spraySet="false" plowFactor="1.000000" state="2" vehicleGroup="5" vehicleUseCost="1518.946045" spawnedVehicles="false" growthState="7" limeFactor="0.000000" weedFactor="1.000000" fruitTypeName="SUGARBEET"/>
        <harvest sellPoint="119" expectedLiters="455859.031250" depositedLiters="0.000000"/>
    </mission>
    <mission type="fertilize" reward="996" status="0" success="false">
        <field id="54" sprayFactor="0.000000" spraySet="false" plowFactor="1.000000" state="2" vehicleGroup="1" vehicleUseCost="142.376007" spawnedVehicles="false" growthState="1" limeFactor="1.000000" weedFactor="1.000000" fruitTypeName="SOYBEAN"/>
    </mission>
</missions>
