﻿<onCreateLoadedObjects>
    <onCreateLoadedObject saveId="AnimatedObject_remove22" time="1.000000" direction="0"/>
    <onCreateLoadedObject saveId="AnimatedObject_remove6" time="0.000000" direction="0"/>
    <onCreateLoadedObject saveId="AnimatedObject_Door1" time="1.000000" direction="0"/>
    <onCreateLoadedObject saveId="AnimatedObject_remove7" time="0.000000" direction="0"/>
    <onCreateLoadedObject saveId="AnimatedObject_Cowshed73" time="0.000000" direction="0"/>
    <onCreateLoadedObject saveId="AnimatedObject_Cowdoor5" time="1.000000" direction="0"/>
    <onCreateLoadedObject saveId="AnimatedObject_remove19" time="0.000000" direction="0"/>
    <onCreateLoadedObject saveId="AnimatedObject_remove16" time="0.000000" direction="0"/>
    <onCreateLoadedObject saveId="AnimatedObject_Cowshed72" time="1.000000" direction="0"/>
    <onCreateLoadedObject saveId="AnimatedObject_BigDoorFarm4" time="1.000000" direction="0"/>
    <onCreateLoadedObject saveId="AnimatedObject_Cowdoor6" time="1.000000" direction="0"/>
    <onCreateLoadedObject saveId="AnimatedObject_Cowshed1" time="0.000000" direction="0"/>
    <onCreateLoadedObject saveId="AnimatedObject_BigDoorFarm3" time="1.000000" direction="0"/>
    <onCreateLoadedObject saveId="AnimatedObject_remove10" time="0.000000" direction="0"/>
    <onCreateLoadedObject saveId="AnimatedObject_BigDoorFarm10" time="0.000000" direction="0"/>
    <onCreateLoadedObject saveId="AnimatedObject_BigDoorFarm1" time="1.000000" direction="0"/>
    <onCreateLoadedObject saveId="AnimatedObject_Door6" time="0.000000" direction="0"/>
    <onCreateLoadedObject saveId="AnimatedObject_rampOperate2" time="1.000000" direction="0"/>
    <onCreateLoadedObject saveId="AnimatedObject_doorhouse666" time="1.000000" direction="0"/>
    <onCreateLoadedObject saveId="AnimatedObject_remove1" time="0.000000" direction="0"/>
    <onCreateLoadedObject saveId="AnimatedObject_Cowshed71" time="0.000000" direction="0"/>
    <onCreateLoadedObject saveId="AnimatedObject_rampOperate" time="1.000000" direction="0"/>
    <onCreateLoadedObject saveId="AnimatedObject_Cowshed8" time="1.000000" direction="0"/>
    <onCreateLoadedObject saveId="AnimatedObject_doorhouse66" time="0.000000" direction="0"/>
    <onCreateLoadedObject saveId="AnimatedObject_remove21" time="0.000000" direction="0"/>
    <onCreateLoadedObject saveId="AnimatedObject_remove4" time="0.000000" direction="0"/>
    <onCreateLoadedObject saveId="AnimatedObject_Door3" time="0.000000" direction="0"/>
    <onCreateLoadedObject saveId="AnimatedObject_BigDoorFarm1000" time="0.000000" direction="0"/>
    <onCreateLoadedObject saveId="AnimatedObject_Door4" time="1.000000" direction="0"/>
    <onCreateLoadedObject saveId="AnimatedObject_remove2" time="0.000000" direction="0"/>
    <onCreateLoadedObject saveId="AnimatedObject_Cowshed70" time="0.000000" direction="0"/>
    <onCreateLoadedObject saveId="AnimatedObject_doorPig1" time="0.000000" direction="0"/>
    <onCreateLoadedObject saveId="AnimatedObject_BigDoorFarm2" time="1.000000" direction="0"/>
    <onCreateLoadedObject saveId="AnimatedObject_remove8" time="0.000000" direction="0"/>
    <onCreateLoadedObject saveId="AnimatedObject_BigDoorFarm11" time="0.000000" direction="0"/>
    <onCreateLoadedObject saveId="AnimatedObject_remove14" time="0.000000" direction="0"/>
    <onCreateLoadedObject saveId="AnimatedObject_BigDoorFarm9" time="0.000000" direction="0"/>
    <onCreateLoadedObject saveId="AnimatedObject_BigDoorFarm5" time="1.000000" direction="0"/>
    <onCreateLoadedObject saveId="AnimatedObject_remove20" time="0.000000" direction="0"/>
    <onCreateLoadedObject saveId="AnimatedObject_remove12" time="0.000000" direction="0"/>
    <onCreateLoadedObject saveId="AnimatedObject_Door2" time="1.000000" direction="0"/>
    <onCreateLoadedObject saveId="AnimatedObject_Door5" time="0.000000" direction="0"/>
    <onCreateLoadedObject saveId="AnimatedObject_BigDoorFarm8" time="0.000000" direction="0"/>
    <onCreateLoadedObject saveId="AnimatedObject_remove5" time="0.000000" direction="0"/>
    <onCreateLoadedObject saveId="AnimatedObject_Cowshed7" time="1.000000" direction="0"/>
    <onCreateLoadedObject saveId="AnimatedObject_doorRot7" time="0.000000" direction="0"/>
    <onCreateLoadedObject saveId="AnimatedObject_BigDoorFarm6" time="0.000000" direction="0"/>
    <onCreateLoadedObject saveId="AnimatedObject_remove13" time="0.000000" direction="0"/>
    <onCreateLoadedObject saveId="AnimatedObject_BigDoorFarm7" time="0.000000" direction="0"/>
    <onCreateLoadedObject saveId="AnimatedObject_remove18" time="0.000000" direction="0"/>
</onCreateLoadedObjects>
