﻿<seasons version="1">
    <environment>
        <currentDayOffset>-3</currentDayOffset>
        <daysPerSeason>9</daysPerSeason>
        <snow height="0.000000" mode="3"/>
    </environment>
    <weather timeSinceLastRain="0">
        <soilTemp>4.900000</soilTemp>
        <soilTempMax>4.900000</soilTempMax>
        <highTempPrev>5.000000</highTempPrev>
        <cropMoistureContent>20.100000</cropMoistureContent>
        <soilWaterContent>0.261000</soilWaterContent>
        <lowAirTemp>0.000000</lowAirTemp>
        <snowDepth>-0.022539</snowDepth>
        <rotDryFactor>1.732880</rotDryFactor>
        <averageSoilWaterContent>0.250051</averageSoilWaterContent>
        <moistureEnabled>true</moistureEnabled>
        <events>
            <event startDay="4" endDay="4" startTime="4.707700" endTime="7.672500" weatherType="2">
                <fog scale="0.000000"/>
                <clouds typeFrom="0.281294" typeTo="0.500000" coverage="1.000000" cirrusDensityScale="0.017041" cirrusSpeedFactor="0.339933"/>
                <wind dirX="0.998783" dirZ="0.049322" velocity="6.399333"/>
                <precipitation intensity="0.346576" type="rain"/>
                <temperature indication="4.479506"/>
                <n>0.237846</n>
            </event>
            <event startDay="4" endDay="4" startTime="7.672500" endTime="8.672400" weatherType="1">
                <fog scale="0.000000"/>
                <clouds typeFrom="0.500000" typeTo="0.451737" coverage="0.903475" cirrusDensityScale="0.172973" cirrusSpeedFactor="0.471877"/>
                <wind dirX="0.081232" dirZ="0.996695" velocity="7.718767"/>
                <temperature indication="4.541749"/>
                <n>0.360000</n>
            </event>
            <event startDay="4" endDay="4" startTime="8.672400" endTime="9.672400" weatherType="1">
                <fog scale="0.000000"/>
                <clouds typeFrom="0.451737" typeTo="0.451737" coverage="0.903475" cirrusDensityScale="0.172973" cirrusSpeedFactor="0.537848"/>
                <wind dirX="0.996695" dirZ="0.081232" velocity="8.378485"/>
                <temperature indication="4.647282"/>
                <n>0.360000</n>
            </event>
            <event startDay="4" endDay="4" startTime="9.672400" endTime="12.815000" weatherType="2">
                <fog scale="0.000000"/>
                <clouds typeFrom="0.451737" typeTo="0.831183" coverage="1.000000" cirrusDensityScale="0.152731" cirrusSpeedFactor="0.534234"/>
                <wind dirX="0.987310" dirZ="0.158807" velocity="8.342339"/>
                <precipitation intensity="0.831183" type="rain"/>
                <temperature indication="5.060874"/>
                <n>0.061449</n>
            </event>
            <event startDay="4" endDay="4" startTime="12.815000" endTime="17.384100" weatherType="2">
                <fog scale="0.000000"/>
                <clouds typeFrom="0.831183" typeTo="0.876534" coverage="1.000000" cirrusDensityScale="0.165430" cirrusSpeedFactor="0.586507"/>
                <wind dirX="0.154539" dirZ="0.987987" velocity="8.865067"/>
                <precipitation intensity="0.876534" type="rain"/>
                <temperature indication="5.068417"/>
                <n>0.044942</n>
            </event>
            <event startDay="4" endDay="4" startTime="17.384100" endTime="18.384100" weatherType="1">
                <fog scale="0.000000"/>
                <clouds typeFrom="0.876534" typeTo="0.451737" coverage="0.903475" cirrusDensityScale="0.172973" cirrusSpeedFactor="0.615337"/>
                <wind dirX="0.997360" dirZ="0.072614" velocity="9.153372"/>
                <temperature indication="4.954352"/>
                <n>0.360000</n>
            </event>
            <event startDay="4" endDay="4" startTime="18.384100" endTime="19.384100" weatherType="1">
                <fog scale="0.000000"/>
                <clouds typeFrom="0.451737" typeTo="0.451737" coverage="0.903475" cirrusDensityScale="0.172973" cirrusSpeedFactor="0.629752"/>
                <wind dirX="0.072614" dirZ="0.997360" velocity="9.297524"/>
                <temperature indication="4.807471"/>
                <n>0.360000</n>
            </event>
            <event startDay="4" endDay="4" startTime="19.384100" endTime="22.147301" weatherType="2">
                <fog scale="0.000000"/>
                <clouds typeFrom="0.451737" typeTo="0.910794" coverage="1.000000" cirrusDensityScale="0.175022" cirrusSpeedFactor="0.630484"/>
                <wind dirX="-0.013068" dirZ="0.999915" velocity="9.304844"/>
                <precipitation intensity="0.910794" type="rain"/>
                <temperature indication="4.281264"/>
                <n>0.032471</n>
            </event>
            <event startDay="4" endDay="4" startTime="22.147301" endTime="23.147301" weatherType="1">
                <fog scale="0.000000"/>
                <clouds typeFrom="0.910794" typeTo="0.451737" coverage="0.903475" cirrusDensityScale="0.172973" cirrusSpeedFactor="0.637326"/>
                <wind dirX="0.995122" dirZ="-0.098655" velocity="9.373260"/>
                <temperature indication="4.069172"/>
                <n>0.360000</n>
            </event>
            <event startDay="4" endDay="5" startTime="23.147301" endTime="3.297100" weatherType="1">
                <fog scale="0.000000"/>
                <clouds typeFrom="0.451737" typeTo="0.371747" coverage="0.743493" cirrusDensityScale="0.128178" cirrusSpeedFactor="0.624749"/>
                <wind dirX="-0.055396" dirZ="0.998464" velocity="9.247487"/>
                <temperature indication="3.975196"/>
                <n>0.525741</n>
            </event>
            <event startDay="5" endDay="5" startTime="3.297100" endTime="7.298900" weatherType="1">
                <fog scale="0.000000"/>
                <clouds typeFrom="0.371747" typeTo="0.329461" coverage="0.658921" cirrusDensityScale="0.104498" cirrusSpeedFactor="0.642820"/>
                <wind dirX="0.996931" dirZ="-0.078283" velocity="9.428205"/>
                <temperature indication="1.646137"/>
                <n>0.613358</n>
            </event>
            <event startDay="5" endDay="5" startTime="7.298900" endTime="11.913900" weatherType="1">
                <fog scale="0.000000"/>
                <clouds typeFrom="0.329461" typeTo="0.278375" coverage="0.556751" cirrusDensityScale="0.075890" cirrusSpeedFactor="0.641639"/>
                <wind dirX="-0.050630" dirZ="0.998717" velocity="9.416393"/>
                <temperature indication="5.954835"/>
                <n>0.719206</n>
            </event>
            <event startDay="5" endDay="5" startTime="11.913900" endTime="15.620300" weatherType="1">
                <fog scale="0.000000"/>
                <clouds typeFrom="0.278375" typeTo="0.229942" coverage="0.459883" cirrusDensityScale="0.048767" cirrusSpeedFactor="0.631362"/>
                <wind dirX="0.997043" dirZ="-0.076849" velocity="9.313620"/>
                <temperature indication="8.012880"/>
                <n>0.819561</n>
            </event>
            <event startDay="5" endDay="5" startTime="15.620300" endTime="19.968000" weatherType="1">
                <fog scale="0.000000"/>
                <clouds typeFrom="0.229942" typeTo="0.260581" coverage="0.521162" cirrusDensityScale="0.065925" cirrusSpeedFactor="0.632351"/>
                <wind dirX="-0.243385" dirZ="0.969930" velocity="9.323512"/>
                <temperature indication="6.791137"/>
                <n>0.174297</n>
            </event>
            <event startDay="5" endDay="6" startTime="19.968000" endTime="0.732500" weatherType="1">
                <fog scale="0.000000"/>
                <clouds typeFrom="0.260581" typeTo="0.222611" coverage="0.445222" cirrusDensityScale="0.044662" cirrusSpeedFactor="0.625252"/>
                <wind dirX="0.968143" dirZ="-0.250398" velocity="9.252518"/>
                <temperature indication="4.877436"/>
                <n>0.201939</n>
            </event>
            <event startDay="6" endDay="6" startTime="0.732500" endTime="6.164200" weatherType="1">
                <fog scale="0.000000"/>
                <clouds typeFrom="0.222611" typeTo="0.176134" coverage="0.352267" cirrusDensityScale="0.018635" cirrusSpeedFactor="0.622959"/>
                <wind dirX="-0.062170" dirZ="0.998066" velocity="9.229586"/>
                <temperature indication="3.135953"/>
                <n>0.931051</n>
            </event>
            <event startDay="6" endDay="6" startTime="6.164200" endTime="10.739700" weatherType="1">
                <fog scale="0.000000"/>
                <clouds typeFrom="0.176134" typeTo="0.391048" coverage="0.782096" cirrusDensityScale="0.138987" cirrusSpeedFactor="0.664795"/>
                <wind dirX="0.998522" dirZ="0.054343" velocity="9.647948"/>
                <temperature indication="3.825853"/>
                <n>0.485749</n>
            </event>
            <event startDay="6" endDay="6" startTime="10.739700" endTime="16.111401" weatherType="1">
                <fog scale="0.000000"/>
                <clouds typeFrom="0.391048" typeTo="0.415255" coverage="0.830510" cirrusDensityScale="0.152543" cirrusSpeedFactor="0.690554"/>
                <wind dirX="0.041227" dirZ="0.999150" velocity="9.905544"/>
                <temperature indication="4.725120"/>
                <n>0.435591</n>
            </event>
            <event startDay="6" endDay="6" startTime="16.111401" endTime="20.822701" weatherType="1">
                <fog scale="0.000000"/>
                <clouds typeFrom="0.415255" typeTo="0.409697" coverage="0.819394" cirrusDensityScale="0.149430" cirrusSpeedFactor="0.702323"/>
                <wind dirX="0.999270" dirZ="0.038214" velocity="10.023226"/>
                <temperature indication="4.867641"/>
                <n>0.447108</n>
            </event>
            <event startDay="6" endDay="7" startTime="20.822701" endTime="2.012500" weatherType="1">
                <fog scale="0.000000"/>
                <clouds typeFrom="0.409697" typeTo="0.399437" coverage="0.798875" cirrusDensityScale="0.143685" cirrusSpeedFactor="0.706155"/>
                <wind dirX="0.043775" dirZ="0.999041" velocity="10.061548"/>
                <temperature indication="5.002165"/>
                <n>0.468366</n>
            </event>
            <event startDay="7" endDay="7" startTime="2.012500" endTime="7.124400" weatherType="1">
                <fog scale="0.000000"/>
                <clouds typeFrom="0.399437" typeTo="0.168464" coverage="0.336929" cirrusDensityScale="0.014340" cirrusSpeedFactor="0.841817"/>
                <wind dirX="0.996681" dirZ="-0.081412" velocity="11.418172"/>
                <temperature indication="7.303287"/>
                <n>0.946942</n>
            </event>
            <event startDay="7" endDay="7" startTime="7.124400" endTime="12.692500" weatherType="1">
                <fog scale="0.000000"/>
                <clouds typeFrom="0.168464" typeTo="0.394421" coverage="0.788843" cirrusDensityScale="0.140876" cirrusSpeedFactor="0.954840"/>
                <wind dirX="-0.202659" dirZ="0.979249" velocity="12.548398"/>
                <temperature indication="10.630774"/>
                <n>0.478759</n>
            </event>
            <event startDay="7" endDay="7" startTime="12.692500" endTime="16.864700" weatherType="1">
                <fog scale="0.000000"/>
                <clouds typeFrom="0.394421" typeTo="0.365162" coverage="0.730324" cirrusDensityScale="0.124491" cirrusSpeedFactor="1.000000"/>
                <wind dirX="0.975910" dirZ="-0.218175" velocity="13.054992"/>
                <temperature indication="11.281163"/>
                <n>0.539384</n>
            </event>
            <event startDay="7" endDay="7" startTime="16.864700" endTime="20.789600" weatherType="1">
                <fog scale="0.000000"/>
                <clouds typeFrom="0.365162" typeTo="0.349423" coverage="0.698846" cirrusDensityScale="0.115677" cirrusSpeedFactor="1.000000"/>
                <wind dirX="-0.326365" dirZ="0.945244" velocity="13.276811"/>
                <temperature indication="10.206349"/>
                <n>0.109620</n>
            </event>
            <event startDay="7" endDay="8" startTime="20.789600" endTime="1.774300" weatherType="1">
                <fog scale="0.000000"/>
                <clouds typeFrom="0.349423" typeTo="0.227446" coverage="0.454892" cirrusDensityScale="0.047370" cirrusSpeedFactor="1.000000"/>
                <wind dirX="0.867982" dirZ="-0.496595" velocity="13.143766"/>
                <temperature indication="9.083679"/>
                <n>0.824732</n>
            </event>
        </events>
        <fog currentMieScale="1.000000" lastMieScale="1.000000" targetMieScale="1.000000" alpha="1.000000" duration="1.000000"/>
        <prevHighTemp>5.000000</prevHighTemp>
        <forecast>
            <item day="1" season="0" averagePeriodTemp="10.076539" p="0.034658" startTimeIndication="17.579025" windSpeed="8.634727" windType="2" forecastType="6" cloudCover="1.000000" lowTemp="4.443615" highTemp="5.879716" tempUncertainty="-0.089645" windUncertainty="-0.192512" precipitationUncertainty="-0.508099" weatherTypeUncertainty="-0.341980"/>
            <item day="2" season="0" averagePeriodTemp="10.076539" p="0.546439" startTimeIndication="22.694645" windSpeed="9.291080" windType="2" forecastType="1" cloudCover="0.752468" lowTemp="1.541513" highTemp="14.361061" tempUncertainty="0.171949" windUncertainty="0.032419" precipitationUncertainty="-0.466422" weatherTypeUncertainty="-0.200897"/>
            <item day="3" season="0" averagePeriodTemp="10.076539" p="0.020115" startTimeIndication="15.100826" windSpeed="9.502120" windType="2" forecastType="6" cloudCover="1.000000" lowTemp="3.043587" highTemp="6.285883" tempUncertainty="-0.026248" windUncertainty="-0.063987" precipitationUncertainty="-0.414697" weatherTypeUncertainty="-0.139570"/>
            <item day="4" season="0" averagePeriodTemp="13.462478" p="0.796194" startTimeIndication="4.091235" windSpeed="13.100938" windType="2" forecastType="1" cloudCover="0.060645" lowTemp="7.300828" highTemp="15.539147" tempUncertainty="0.167345" windUncertainty="0.025945" precipitationUncertainty="-0.521028" weatherTypeUncertainty="0.002053"/>
            <item day="5" season="0" averagePeriodTemp="13.462478" p="0.631583" startTimeIndication="10.020924" windSpeed="4.223017" windType="1" forecastType="1" cloudCover="0.407193" lowTemp="7.162183" highTemp="18.007076" tempUncertainty="0.123850" windUncertainty="-0.057700" precipitationUncertainty="-0.113817" weatherTypeUncertainty="-0.197464"/>
            <item day="6" season="0" averagePeriodTemp="13.462478" p="0.801950" startTimeIndication="17.992075" windSpeed="4.304343" windType="1" forecastType="1" cloudCover="0.048527" lowTemp="4.437535" highTemp="13.655602" tempUncertainty="0.108790" windUncertainty="0.042518" precipitationUncertainty="0.014331" weatherTypeUncertainty="0.138979"/>
            <item day="7" season="0" averagePeriodTemp="16.413219" p="0.538307" startTimeIndication="19.920473" windSpeed="5.478471" windType="1" forecastType="1" cloudCover="0.554475" lowTemp="8.890138" highTemp="15.686090" tempUncertainty="0.116781" windUncertainty="-0.010948" precipitationUncertainty="-0.103098" weatherTypeUncertainty="0.167221"/>
            <item day="8" season="0" averagePeriodTemp="16.413219" p="0.437526" startTimeIndication="10.740204" windSpeed="3.208041" windType="0" forecastType="1" cloudCover="0.760151" lowTemp="7.185579" highTemp="16.253702" tempUncertainty="0.126833" windUncertainty="-0.080307" precipitationUncertainty="0.083075" weatherTypeUncertainty="-0.045616"/>
        </forecast>
    </weather>
    <growth>
        <fields>
            <field id="1" fruitIndex="5"/>
            <field id="2" fruitIndex="1"/>
            <field id="3" fruitIndex="13"/>
            <field id="4" fruitIndex="5"/>
            <field id="5" fruitIndex="3"/>
            <field id="6" fruitIndex="6"/>
            <field id="7" fruitIndex="4"/>
            <field id="8" fruitIndex="13"/>
            <field id="9" fruitIndex="2"/>
            <field id="10" fruitIndex="1"/>
            <field id="11" fruitIndex="2"/>
            <field id="12" fruitIndex="13"/>
            <field id="13" fruitIndex="6"/>
            <field id="14" fruitIndex="13"/>
            <field id="15" fruitIndex="13"/>
            <field id="16" fruitIndex="3"/>
            <field id="17" fruitIndex="2"/>
            <field id="18" fruitIndex="2"/>
            <field id="19" fruitIndex="13"/>
            <field id="20" fruitIndex="13"/>
            <field id="21" fruitIndex="13"/>
            <field id="22" fruitIndex="13"/>
            <field id="23" fruitIndex="13"/>
            <field id="24" fruitIndex="4"/>
            <field id="25" fruitIndex="5"/>
            <field id="26" fruitIndex="13"/>
            <field id="27" fruitIndex="1"/>
            <field id="28" fruitIndex="9"/>
            <field id="29" fruitIndex="2"/>
            <field id="30" fruitIndex="1"/>
            <field id="31" fruitIndex="1"/>
            <field id="32" fruitIndex="3"/>
            <field id="33" fruitIndex="6"/>
            <field id="34" fruitIndex="4"/>
            <field id="35" fruitIndex="5"/>
            <field id="36" fruitIndex="1"/>
            <field id="37" fruitIndex="7"/>
            <field id="38" fruitIndex="5"/>
            <field id="39" fruitIndex="4"/>
            <field id="40" fruitIndex="4"/>
            <field id="41" fruitIndex="8"/>
            <field id="42" fruitIndex="7"/>
            <field id="43" fruitIndex="7"/>
            <field id="44" fruitIndex="6"/>
            <field id="45" fruitIndex="8"/>
            <field id="46" fruitIndex="4"/>
            <field id="47" fruitIndex="13"/>
            <field id="48" fruitIndex="13"/>
            <field id="49" fruitIndex="13"/>
            <field id="50" fruitIndex="2"/>
            <field id="51" fruitIndex="4"/>
            <field id="52" fruitIndex="3"/>
            <field id="53" fruitIndex="7"/>
            <field id="54" fruitIndex="8"/>
            <field id="55" fruitIndex="4"/>
            <field id="56" fruitIndex="7"/>
            <field id="57" fruitIndex="4"/>
            <field id="58" fruitIndex="3"/>
            <field id="59" fruitIndex="3"/>
            <field id="60" fruitIndex="1"/>
            <field id="61" fruitIndex="8"/>
            <field id="62" fruitIndex="8"/>
            <field id="63" fruitIndex="3"/>
            <field id="64" fruitIndex="8"/>
            <field id="65" fruitIndex="9"/>
            <field id="66" fruitIndex="4"/>
            <field id="67" fruitIndex="8"/>
            <field id="68" fruitIndex="6"/>
            <field id="69" fruitIndex="2"/>
            <field id="70" fruitIndex="1"/>
            <field id="71" fruitIndex="1"/>
            <field id="72" fruitIndex="10"/>
            <field id="73" fruitIndex="1"/>
            <field id="74" fruitIndex="2"/>
            <field id="75" fruitIndex="8"/>
            <field id="76" fruitIndex="1"/>
            <field id="77" fruitIndex="4"/>
            <field id="78" fruitIndex="2"/>
            <field id="79" fruitIndex="3"/>
            <field id="80" fruitIndex="7"/>
            <field id="81" fruitIndex="9"/>
            <field id="82" fruitIndex="10"/>
            <field id="83" fruitIndex="13"/>
            <field id="84" fruitIndex="13"/>
            <field id="85" fruitIndex="13"/>
            <field id="86" fruitIndex="13"/>
            <field id="87" fruitIndex="13"/>
            <field id="88" fruitIndex="13"/>
            <field id="89" fruitIndex="13"/>
            <field id="90" fruitIndex="13"/>
            <field id="91" fruitIndex="13"/>
            <field id="92" fruitIndex="13"/>
            <field id="93" fruitIndex="13"/>
        </fields>
        <cpf>
            <weedsScale>20</weedsScale>
            <damageScale>50</damageScale>
            <numberOfFruits>15</numberOfFruits>
            <fruitToProcessIndex>1</fruitToProcessIndex>
            <timerInterval>5520000.000000</timerInterval>
            <fruitIndex index="1" value="1"/>
            <fruitIndex index="2" value="2"/>
            <fruitIndex index="3" value="3"/>
            <fruitIndex index="4" value="4"/>
            <fruitIndex index="5" value="5"/>
            <fruitIndex index="6" value="6"/>
            <fruitIndex index="7" value="7"/>
            <fruitIndex index="8" value="8"/>
            <fruitIndex index="9" value="9"/>
            <fruitIndex index="10" value="10"/>
            <fruitIndex index="11" value="11"/>
            <fruitIndex index="12" value="12"/>
            <fruitIndex index="13" value="13"/>
            <fruitIndex index="14" value="15"/>
            <fruitIndex index="15" value="16"/>
        </cpf>
    </growth>
    <economy>
        <history>
            <fill fillType="WHEAT">
                <values>610.13852509761;627.83103900576;641.98505013228;640.97405105925;624.79804178667;608.6220325141;595.47902648664;585.36902370429;575.25902092195;561.10502184749;542.90702648091;524.70903111434;511.56603111291;503.47802647662;495.39002184033;496.40102091336;506.51102369571;516.62102647805;534.81902787066;561.10502787352;587.39102787638;609.63303158712;627.83103900576;646.02904642439;660.18304549885;670.29303622913;680.40302695942;693.54602696085;709.72203623343;725.898045506;720.84305014086;694.557050138;668.27105013514;647.04004549742;630.86403622484;614.68802695227</values>
            </fill>
            <fill fillType="BARLEY">
                <values>566.68649080789;583.11900278306;596.26501236319;595.32601327801;580.3020055275;565.27799777698;553.07099287891;543.68099083328;534.29098878765;521.14499040127;504.24299567413;487.341000947;475.1340016458;467.62199777055;460.10999389529;461.04899298048;470.43899502611;479.82899707174;496.73099739575;521.14499599814;545.55899460053;566.21699686217;583.11900278306;600.02100870395;613.16700709033;622.55699794221;631.94698879409;644.15398809528;659.17799584579;674.20200359631;669.50700817037;645.09300956798;620.67901096559;600.96000778913;585.93600003862;570.91199228811</values>
            </fill>
            <fill fillType="OAT">
                <values>963.18601368213;991.11603488588;1013.4600518489;1011.8640533552;986.32803940487;960.79202545452;940.04401649809;924.08401253557;908.12400857306;885.78001063585;857.05201872396;828.32402681208;807.57602736855;794.80802039337;782.0400134182;783.63601191187;799.59601587439;815.5560198369;844.28402126169;885.78002014875;927.27601903582;962.38802394819;991.11603488588;1019.8440458236;1042.1880437608;1058.1480286975;1074.1080136342;1094.8560130777;1120.3920270281;1145.9280409784;1137.9480485101;1096.452049623;1054.956050736;1021.4400443172;995.9040303669;970.36801641655</values>
            </fill>
            <fill fillType="CANOLA">
                <values>1154.1420247571;1117.9620062356;1089.0179914184;1065.500982075;1047.4109782054;1029.3209743359;1003.9949775445;971.43298783135;938.87099811816;915.35399955726;900.88199214864;886.40998474002;888.21898297048;906.30898684001;924.39899070954;956.96099120522;1003.994988327;1051.0289854488;1090.8269896488;1123.389000927;1155.9510122051;1181.2770089965;1199.3669913011;1217.4569736056;1240.9739721665;1269.9179869838;1298.862001801;1289.8170106487;1242.7830135269;1195.7490164051;1157.7600104356;1128.8159956183;1099.8719808011;1098.0629825706;1123.389000927;1148.7150192833</values>
            </fill>
            <fill fillType="SUNFLOWER">
                <values>1450.6515013382;1435.5089561019;1423.3949199128;1393.1099016452;1344.653901299;1296.1979009528;1235.6279125543;1162.9439361033;1090.2599596524;1068.0509695222;1096.3169657128;1124.5829619033;1148.8109620764;1169.0009662321;1189.1909703877;1221.4949746299;1265.9129789586;1310.3309832873;1334.5589834604;1338.5969794779;1342.6349754953;1334.5589593921;1314.3689311681;1294.1789029441;1201.3048982692;1035.7469171433;870.18893601751;805.58095160151;841.92296389532;878.26497618914;973.15797887278;1126.6019719462;1280.0459650197;1372.9199696946;1405.223985971;1437.5280022473</values>
            </fill>
            <fill fillType="SOYBEAN">
                <values>1393.3980015535;1428.4079680367;1456.4159412231;1496.0939310608;1547.4419375496;1598.7899440384;1685.1479448338;1806.5159399357;1927.8839350376;2028.2459224262;2107.6019021015;2186.9578817768;2119.2718909292;1904.5439295588;1689.8159681883;1521.7679899521;1400.3999948502;1279.0319997482;1204.3440016923;1176.3360006824;1148.3279996724;1124.9879941936;1106.3159842458;1087.643974298;1101.647974803;1148.3279857607;1195.0079967184;1188.0060034218;1127.3220058708;1066.6380083199;1012.9560040655;966.2759931078;919.59598215008;977.9459819355;1141.3259924641;1304.7060029926</values>
            </fill>
            <fill fillType="MAIZE">
                <values>763.79999585152;752.40000686645;743.28001567841;734.1600109005;725.03999253273;715.91997416496;722.759967556;745.55997270584;768.35997785568;799.13997529507;837.89996502399;876.65995475292;858.41995878696;783.17997712612;707.93999546528;658.92000205994;636.1199969101;613.31999176025;582.53998752594;543.77998420715;505.01998088837;474.23998344898;451.439991889;428.64000032902;452.58000437737;523.26000403404;593.94000369072;676.02000592232;769.50001072884;862.98001553535;869.82001572132;790.02001128674;710.22000685215;686.2800028038;718.19999914169;750.11999547958</values>
            </fill>
            <fill fillType="POTATO">
                <values>344.68801207495;334.36800618839;326.11200147915;316.30800126922;304.95600555861;293.604009848;283.80001271367;275.54401415563;267.28801559758;260.06401609039;253.87201563406;247.68001517773;244.58401494956;244.58401494956;244.58401494956;248.19601470315;255.42001421034;262.64401371753;271.416011801;281.73600846076;292.05600512052;303.40800698233;315.79201404619;328.17602111006;338.49602084541;346.75201325226;355.0080056591;362.23200516629;368.42401177382;374.61601838136;377.1960221597;376.16402310884;375.13202405798;369.97202265251;360.68401889241;351.39601513231</values>
            </fill>
            <fill fillType="SUGARBEET">
                <values>244.48800300908;237.16799900007;231.31199579287;224.35799580199;216.30599902743;208.25400225288;201.30000444353;195.44400559938;189.58800675523;184.46400722122;180.07200699735;175.68000677347;173.48400666153;173.48400666153;173.48400666153;176.04600642854;181.17000596255;186.29400549656;192.51600399578;199.83600146019;207.15599892461;215.20800006223;223.99200487304;232.77600968385;240.0960093298;245.95200381088;251.80799829197;256.93199782598;261.32400241292;265.71600699985;267.54600963825;266.81401032811;266.08201101798;262.42201010424;255.8340075869;249.24600506955</values>
            </fill>
            <fill fillType="COTTON">
                <values>2486.4719730406;2411.351934288;2351.255903286;2317.4518914442;2309.9398987627;2302.4279060812;2298.6719097404;2298.6719097404;2298.6719097404;2261.1119239454;2185.9919523554;2110.8719807653;2065.7999799013;2050.7759497633;2035.7519196253;2016.971915534;1994.4359374895;1971.899959445;2016.971960309;2129.6519400816;2242.3319198542;2298.6719097404;2298.6719097404;2298.6719097404;2306.183902422;2321.207887785;2336.231873148;2321.207887785;2276.1359316959;2231.0639756069;2242.3320094042;2309.9400330877;2377.5480567713;2426.3760539761;2456.4240247021;2486.4719954281</values>
            </fill>
            <fill fillType="SUGARCANE">
                <values>201.70500379622;203.49000213504;204.91800080609;207.41700060832;210.98700154173;214.55700247514;216.34200294185;216.34200294185;216.34200294185;217.7700016129;220.62599895501;223.48199629712;224.55299530041;223.83899596488;223.12499662936;223.12499662936;223.83899596488;224.55299530041;224.55299530041;223.83899596488;223.12499662936;222.05399762607;220.62599895501;219.19800028396;218.12700128067;217.41300194514;216.69900260961;214.91400427079;212.05800692868;209.20200958657;206.70300978434;204.56100752199;202.41900525963;201.34800412846;201.34800412846;201.34800412846</values>
            </fill>
            <fill fillType="EGG">
                <values>2115.0000482798;2025;1952.9999613762;2006.999963522;2187.0000064373;2367.0000493526;2542.5000697374;2713.5000675917;2884.5000654459;2974.5000600815;2983.5000514984;2992.5000429153;2920.5000311136;2767.5000160933;2614.5000010729;2537.9999935627;2537.9999935627;2537.9999935627;2578.499981761;2659.4999581575;2740.4999345541;2879.999935627;3077.9999613762;3275.9999871254;3357.0000171661;3321.0000514984;3285.0000858307;3208.5001051426;3091.5001094341;2974.5001137257;2839.5001083612;2686.5000933409;2533.5000783205;2403.0000686646;2295.000064373;2187.0000600815</values>
            </fill>
            <fill fillType="WOOL">
                <values>1231.2000442028;1285.2000484943;1328.4000519276;1357.2000470638;1371.6000339031;1386.0000207424;1375.2000306129;1339.2000635147;1303.2000964165;1249.2001028538;1177.2000828266;1105.2000627995;1054.8000552177;1026.0000600815;997.20006494522;964.8000623703;928.80005235672;892.80004234314;867.60003318787;853.2000248909;838.80001659393;846.00002074242;874.80003733635;903.60005393028;936.0000565052;972.00004506111;1008.000033617;1022.4000311851;1015.2000377655;1008.0000443459;1011.6000517845;1026.0000600815;1040.4000683784;1076.4000676632;1134.0000579357;1191.6000482082</values>
            </fill>
            <fill fillType="MILK">
                <values>1330.3499102533;1304.0999357343;1283.0999561191;1262.0999639869;1241.0999593377;1220.0999546885;1196.9999520779;1171.7999515057;1146.5999509335;1144.4999529719;1165.4999576211;1186.4999622703;1196.9999645948;1196.9999645948;1196.9999645948;1213.799960804;1247.3999532223;1280.9999456406;1310.3999546528;1335.5999802589;1360.8000058651;1350.3000160575;1304.1000108361;1257.9000056148;1230.5999945641;1222.199977684;1213.799960804;1234.7999654531;1285.1999916315;1335.6000178099;1358.7000329375;1354.5000370145;1350.3000410914;1346.1000201344;1341.8999741435;1337.6999281526</values>
            </fill>
            <fill fillType="WOODCHIPS">
                <values>175.55999744922;160.5599977845;148.55999805272;136.55999832094;124.55999858916;112.55999885738;103.43999917567;97.199999544024;90.959999912381;85.919999109507;82.079997135401;78.239995161295;76.319994174242;76.319994174242;76.319994174242;78.479994927049;82.799996432662;87.119997938275;93.599998766184;102.23999891639;110.87999906659;123.35999832988;139.67999670625;155.99999508262;171.11999606073;185.03999964058;198.96000322044;212.16000464201;224.6400039053;237.12000316858;242.64000350296;241.20000490844;239.76000631392;228.96000541091;208.80000219941;188.63999898791</values>
            </fill>
            <fill fillType="SILAGE">
                <values>107.47350080752;106.191002002;105.16500295758;103.6260028621;101.57400171554;99.522000568986;97.983000473499;96.957001429081;95.931002384663;94.905003340244;93.879004295826;92.853005251408;92.340005729199;92.340005729199;92.340005729199;92.853005251408;93.879004295826;94.905003340244;96.444003435731;98.496004582286;100.54800572884;102.60000534654;104.65200343537;106.70400152421;108.2430016197;109.26900372183;110.29500582397;111.32100639725;112.34700544167;113.37300448608;113.88600400829;113.88600400829;113.88600400829;112.86000343502;110.80800228846;108.75600114191</values>
            </fill>
            <fill fillType="DRYGRASS_WINDROW">
                <values>106.84799753022;106.84799753022;106.84799753022;106.34399799532;105.33599892551;104.3279998557;102.81600125098;100.80000311136;98.784004971743;96.768005830765;94.752005688429;92.736005546093;91.39200478363;90.720003401041;90.048002018452;90.048002018452;90.720003401041;91.39200478363;92.904005391061;95.256005223334;97.608005055606;99.960003886521;102.31200171608;104.66399954563;106.17600015306;106.84800353837;107.52000692368;108.0240084613;108.36000815123;108.69600784117;109.20000737607;109.87200675595;110.54400613582;110.20800444317;108.86400167799;107.51999891281</values>
            </fill>
            <fill fillType="STRAW">
                <values>78.227997937918;78.227997937918;78.227997937918;77.858998279631;77.120998963058;76.382999646485;75.276000671625;73.800002038479;72.324003405333;70.848004039049;69.372003939629;67.896003840208;66.91200328517;66.420002274513;65.928001263857;65.928001263857;66.420002274513;66.91200328517;68.019003726304;69.741003597915;71.463003469527;73.185002608001;74.907001013339;76.628999418676;77.73599985981;78.228002336741;78.720004813671;79.089005938232;79.335005710423;79.581005482614;79.950005140901;80.442004685283;80.934004229665;80.6880029912;79.704000969887;78.719998948574</values>
            </fill>
            <fill fillType="MANURE">
                <values>0;62.07299711448;61.478997684181;60.587998538733;59.399999678135;58.212000817537;57.123001271904;56.133001041234;55.143000810564;54.351000389993;53.756999779522;53.162999169052;52.865998863816;52.865998863816;52.865998863816;53.261999074101;54.053999494672;54.845999915242;55.737000240862;56.727000471532;57.717000702202;58.905000152886;60.290998823583;61.67699749428;62.66699772495;63.260999515593;63.855001306236;64.449001916707;65.043001347005;65.637000777304;65.934000492454;65.934000492454;65.934000492454;65.438999787033;64.448998376191;63.458996965349</values>
            </fill>
            <fill fillType="LIQUIDMANURE">
                <values>0;62.07299711448;61.478997684181;60.587998538733;59.399999678135;58.212000817537;57.123001271904;56.133001041234;55.143000810564;54.351000389993;53.756999779522;53.162999169052;52.865998863816;52.865998863816;52.865998863816;53.261999074101;54.053999494672;54.845999915242;55.737000240862;56.727000471532;57.717000702202;58.905000152886;60.290998823583;61.67699749428;62.66699772495;63.260999515593;63.855001306236;64.449001916707;65.043001347005;65.637000777304;65.934000492454;65.934000492454;65.934000492454;65.438999787033;64.448998376191;63.458996965349</values>
            </fill>
            <fill fillType="COW_TYPE_BROWN">
                <values>5.5183333158493;5.6099998950958;5.683333158493;5.7016664743423;5.6649998426437;5.6283332109451;5.5549998929103;5.4449998885393;5.3349998841683;5.2341665923595;5.142500013113;5.0508334338665;5.1150000939767;5.3349999934435;5.5549998929103;5.6008331825336;5.4724998623133;5.344166542093;5.3349998841683;5.4449998885393;5.5549998929103;5.6191665530205;5.6374998688698;5.6558331847191;5.6924998164177;5.7474997639656;5.8024997115135;5.7658330798149;5.6374998688698;5.5091666579247;5.4358333945274;5.4175000786781;5.3991667628288;5.4083334207535;5.4450000524521;5.4816666841507</values>
            </fill>
            <fill fillType="COW_TYPE_BROWN_WHITE">
                <values>2.0066666603088;2.039999961853;2.0666666030884;2.0733332633972;2.0599999427795;2.0466666221619;2.0199999610583;1.9799999594688;1.9399999578794;1.9033333063126;1.8700000047684;1.8366667032242;1.8600000341733;1.9399999976158;2.0199999610583;2.0366666118304;1.9899999499321;1.9433332880338;1.9399999578794;1.9799999594688;2.0199999610583;2.0433332920074;2.0499999523163;2.0566666126251;2.0699999332428;2.0899999141693;2.1099998950958;2.0966665744781;2.0499999523163;2.0033333301544;1.9766666889191;1.9700000286102;1.9633333683014;1.9666666984558;1.9800000190735;1.9933333396912</values>
            </fill>
            <fill fillType="COW_TYPE_BLACK">
                <values>5.5183333158493;5.6099998950958;5.683333158493;5.7016664743423;5.6649998426437;5.6283332109451;5.5549998929103;5.4449998885393;5.3349998841683;5.2341665923595;5.142500013113;5.0508334338665;5.1150000939767;5.3349999934435;5.5549998929103;5.6008331825336;5.4724998623133;5.344166542093;5.3349998841683;5.4449998885393;5.5549998929103;5.6191665530205;5.6374998688698;5.6558331847191;5.6924998164177;5.7474997639656;5.8024997115135;5.7658330798149;5.6374998688698;5.5091666579247;5.4358333945274;5.4175000786781;5.3991667628288;5.4083334207535;5.4450000524521;5.4816666841507</values>
            </fill>
            <fill fillType="COW_TYPE_BLACK_WHITE">
                <values>2.508333325386;2.5499999523163;2.5833332538605;2.5916665792465;2.5749999284744;2.5583332777023;2.5249999513229;2.4749999493361;2.4249999473492;2.3791666328907;2.3375000059605;2.2958333790302;2.3250000427167;2.4249999970198;2.5249999513229;2.545833264788;2.4874999374151;2.4291666100423;2.4249999473492;2.4749999493361;2.5249999513229;2.5541666150093;2.5624999403954;2.5708332657814;2.5874999165535;2.6124998927116;2.6374998688698;2.6208332180977;2.5624999403954;2.504166662693;2.4708333611488;2.4625000357628;2.4541667103767;2.4583333730698;2.4750000238419;2.491666674614</values>
            </fill>
            <fill fillType="COW_TYPE_BRAHMAN_BROWN">
                <values>5.5183333158493;5.6099998950958;5.683333158493;5.7016664743423;5.6649998426437;5.6283332109451;5.5549998929103;5.4449998885393;5.3349998841683;5.2341665923595;5.142500013113;5.0508334338665;5.1150000939767;5.3349999934435;5.5549998929103;5.6008331825336;5.4724998623133;5.344166542093;5.3349998841683;5.4449998885393;5.5549998929103;5.6191665530205;5.6374998688698;5.6558331847191;5.6924998164177;5.7474997639656;5.8024997115135;5.7658330798149;5.6374998688698;5.5091666579247;5.4358333945274;5.4175000786781;5.3991667628288;5.4083334207535;5.4450000524521;5.4816666841507</values>
            </fill>
            <fill fillType="COW_TYPE_BRAHMAN_WHITE">
                <values>5.5183333158493;5.6099998950958;5.683333158493;5.7016664743423;5.6649998426437;5.6283332109451;5.5549998929103;5.4449998885393;5.3349998841683;5.2341665923595;5.142500013113;5.0508334338665;5.1150000939767;5.3349999934435;5.5549998929103;5.6008331825336;5.4724998623133;5.344166542093;5.3349998841683;5.4449998885393;5.5549998929103;5.6191665530205;5.6374998688698;5.6558331847191;5.6924998164177;5.7474997639656;5.8024997115135;5.7658330798149;5.6374998688698;5.5091666579247;5.4358333945274;5.4175000786781;5.3991667628288;5.4083334207535;5.4450000524521;5.4816666841507</values>
            </fill>
            <fill fillType="COW_TYPE_BRAHMAN_LIGHT_BROWN">
                <values>5.5183333158493;5.6099998950958;5.683333158493;5.7016664743423;5.6649998426437;5.6283332109451;5.5549998929103;5.4449998885393;5.3349998841683;5.2341665923595;5.142500013113;5.0508334338665;5.1150000939767;5.3349999934435;5.5549998929103;5.6008331825336;5.4724998623133;5.344166542093;5.3349998841683;5.4449998885393;5.5549998929103;5.6191665530205;5.6374998688698;5.6558331847191;5.6924998164177;5.7474997639656;5.8024997115135;5.7658330798149;5.6374998688698;5.5091666579247;5.4358333945274;5.4175000786781;5.3991667628288;5.4083334207535;5.4450000524521;5.4816666841507</values>
            </fill>
            <fill fillType="COW_TYPE_BRAHMAN_GREY">
                <values>5.5183333158493;5.6099998950958;5.683333158493;5.7016664743423;5.6649998426437;5.6283332109451;5.5549998929103;5.4449998885393;5.3349998841683;5.2341665923595;5.142500013113;5.0508334338665;5.1150000939767;5.3349999934435;5.5549998929103;5.6008331825336;5.4724998623133;5.344166542093;5.3349998841683;5.4449998885393;5.5549998929103;5.6191665530205;5.6374998688698;5.6558331847191;5.6924998164177;5.7474997639656;5.8024997115135;5.7658330798149;5.6374998688698;5.5091666579247;5.4358333945274;5.4175000786781;5.3991667628288;5.4083334207535;5.4450000524521;5.4816666841507</values>
            </fill>
            <fill fillType="SHEEP_TYPE_WHITE">
                <values>2.6624998698632;2.7249999344349;2.7749999860922;2.808333337307;2.8249999880791;2.8416666388512;2.8291666507721;2.7875000238419;2.7458333969116;2.6833334068457;2.6000000536442;2.5166667004426;2.4583333482345;2.4249999970198;2.391666645805;2.3541666318973;2.3124999552965;2.2708332786957;2.2416666150093;2.2249999642372;2.2083333134651;2.2166666636864;2.2500000149012;2.2833333661159;2.3208333800236;2.3625000566244;2.4041667332252;2.4208333839973;2.4125000089407;2.4041666338841;2.4083332965771;2.4249999970198;2.4416666974624;2.4833333492279;2.5499999523163;2.6166665554047</values>
            </fill>
            <fill fillType="SHEEP_TYPE_BROWN">
                <values>2.6624998698632;2.7249999344349;2.7749999860922;2.808333337307;2.8249999880791;2.8416666388512;2.8291666507721;2.7875000238419;2.7458333969116;2.6833334068457;2.6000000536442;2.5166667004426;2.4583333482345;2.4249999970198;2.391666645805;2.3541666318973;2.3124999552965;2.2708332786957;2.2416666150093;2.2249999642372;2.2083333134651;2.2166666636864;2.2500000149012;2.2833333661159;2.3208333800236;2.3625000566244;2.4041667332252;2.4208333839973;2.4125000089407;2.4041666338841;2.4083332965771;2.4249999970198;2.4416666974624;2.4833333492279;2.5499999523163;2.6166665554047</values>
            </fill>
            <fill fillType="SHEEP_TYPE_BLACK_WHITE">
                <values>2.6624998698632;2.7249999344349;2.7749999860922;2.808333337307;2.8249999880791;2.8416666388512;2.8291666507721;2.7875000238419;2.7458333969116;2.6833334068457;2.6000000536442;2.5166667004426;2.4583333482345;2.4249999970198;2.391666645805;2.3541666318973;2.3124999552965;2.2708332786957;2.2416666150093;2.2249999642372;2.2083333134651;2.2166666636864;2.2500000149012;2.2833333661159;2.3208333800236;2.3625000566244;2.4041667332252;2.4208333839973;2.4125000089407;2.4041666338841;2.4083332965771;2.4249999970198;2.4416666974624;2.4833333492279;2.5499999523163;2.6166665554047</values>
            </fill>
            <fill fillType="SHEEP_TYPE_BLACK">
                <values>2.6624998698632;2.7249999344349;2.7749999860922;2.808333337307;2.8249999880791;2.8416666388512;2.8291666507721;2.7875000238419;2.7458333969116;2.6833334068457;2.6000000536442;2.5166667004426;2.4583333482345;2.4249999970198;2.391666645805;2.3541666318973;2.3124999552965;2.2708332786957;2.2416666150093;2.2249999642372;2.2083333134651;2.2166666636864;2.2500000149012;2.2833333661159;2.3208333800236;2.3625000566244;2.4041667332252;2.4208333839973;2.4125000089407;2.4041666338841;2.4083332965771;2.4249999970198;2.4416666974624;2.4833333492279;2.5499999523163;2.6166665554047</values>
            </fill>
            <fill fillType="PIG_TYPE_RED">
                <values>3.6049998998642;3.6049998998642;3.6049998998642;3.6516665915648;3.744999974966;3.8383333583673;3.8208333750566;3.692500025034;3.5641666750113;3.5058333277702;3.5174999833107;3.5291666388512;3.5466666221619;3.5699999332428;3.5933332443237;3.5874999165535;3.5524999499321;3.5174999833107;3.4708333263795;3.4124999791384;3.3541666318973;3.2841666291157;3.2024999707937;3.1208333124717;3.0858333110809;3.0974999666214;3.1091666221619;3.2199999888738;3.4300000667572;3.6400001446406;3.7158334751924;3.6575000584126;3.5991666416327;3.575833261013;3.5874999165535;3.599166572094</values>
            </fill>
            <fill fillType="PIG_TYPE_WHITE">
                <values>3.6049998998642;3.6049998998642;3.6049998998642;3.6516665915648;3.744999974966;3.8383333583673;3.8208333750566;3.692500025034;3.5641666750113;3.5058333277702;3.5174999833107;3.5291666388512;3.5466666221619;3.5699999332428;3.5933332443237;3.5874999165535;3.5524999499321;3.5174999833107;3.4708333263795;3.4124999791384;3.3541666318973;3.2841666291157;3.2024999707937;3.1208333124717;3.0858333110809;3.0974999666214;3.1091666221619;3.2199999888738;3.4300000667572;3.6400001446406;3.7158334751924;3.6575000584126;3.5991666416327;3.575833261013;3.5874999165535;3.599166572094</values>
            </fill>
            <fill fillType="PIG_TYPE_BLACK_WHITE">
                <values>3.6049998998642;3.6049998998642;3.6049998998642;3.6516665915648;3.744999974966;3.8383333583673;3.8208333750566;3.692500025034;3.5641666750113;3.5058333277702;3.5174999833107;3.5291666388512;3.5466666221619;3.5699999332428;3.5933332443237;3.5874999165535;3.5524999499321;3.5174999833107;3.4708333263795;3.4124999791384;3.3541666318973;3.2841666291157;3.2024999707937;3.1208333124717;3.0858333110809;3.0974999666214;3.1091666221619;3.2199999888738;3.4300000667572;3.6400001446406;3.7158334751924;3.6575000584126;3.5991666416327;3.575833261013;3.5874999165535;3.599166572094</values>
            </fill>
            <fill fillType="PIG_TYPE_BLACK">
                <values>4.1199998855591;4.1199998855591;4.1199998855591;4.1733332475026;4.2799999713898;4.3866666952769;4.3666667143504;4.2200000286102;4.0733333428701;4.0066666603088;4.0199999809265;4.0333333015442;4.0533332824707;4.0799999237061;4.1066665649414;4.0999999046326;4.0599999427795;4.0199999809265;3.9666666587194;3.8999999761581;3.8333332935969;3.753333290418;3.6599999666214;3.5666666428248;3.5266666412354;3.539999961853;3.5533332824707;3.6799999872843;3.9200000762939;4.1600001653035;4.2466668287913;4.1800000667572;4.1133333047231;4.0866665840149;4.0999999046326;4.1133332252502</values>
            </fill>
            <fill fillType="CHICKEN_TYPE_BLACK">
                <values>1.9716666936874;2.0299999713898;2.0766665935516;2.1433332761129;2.2300000190735;2.3166667620341;2.3700001239777;2.3900001049042;2.4100000858307;2.3900000651677;2.3300000429153;2.2700000206629;2.1966666777929;2.1100000143051;2.0233333508174;1.9600000182788;1.9200000166893;1.8800000150998;1.8566666841507;1.8500000238419;1.843333363533;1.8400000333786;1.8400000333786;1.8400000333786;1.8400000333786;1.8400000333786;1.8400000333786;1.8400000333786;1.8400000333786;1.8400000333786;1.8266666928927;1.8000000119209;1.7733333309491;1.7933333317439;1.8600000143051;1.9266666968664</values>
            </fill>
            <fill fillType="CHICKEN_TYPE_WHITE">
                <values>1.9716666936874;2.0299999713898;2.0766665935516;2.1433332761129;2.2300000190735;2.3166667620341;2.3700001239777;2.3900001049042;2.4100000858307;2.3900000651677;2.3300000429153;2.2700000206629;2.1966666777929;2.1100000143051;2.0233333508174;1.9600000182788;1.9200000166893;1.8800000150998;1.8566666841507;1.8500000238419;1.843333363533;1.8400000333786;1.8400000333786;1.8400000333786;1.8400000333786;1.8400000333786;1.8400000333786;1.8400000333786;1.8400000333786;1.8400000333786;1.8266666928927;1.8000000119209;1.7733333309491;1.7933333317439;1.8600000143051;1.9266666968664</values>
            </fill>
            <fill fillType="CHICKEN_TYPE_BROWN">
                <values>1.9716666936874;2.0299999713898;2.0766665935516;2.1433332761129;2.2300000190735;2.3166667620341;2.3700001239777;2.3900001049042;2.4100000858307;2.3900000651677;2.3300000429153;2.2700000206629;2.1966666777929;2.1100000143051;2.0233333508174;1.9600000182788;1.9200000166893;1.8800000150998;1.8566666841507;1.8500000238419;1.843333363533;1.8400000333786;1.8400000333786;1.8400000333786;1.8400000333786;1.8400000333786;1.8400000333786;1.8400000333786;1.8400000333786;1.8400000333786;1.8266666928927;1.8000000119209;1.7733333309491;1.7933333317439;1.8600000143051;1.9266666968664</values>
            </fill>
            <fill fillType="CHICKEN_TYPE_ROOSTER">
                <values>1.9716666936874;2.0299999713898;2.0766665935516;2.1433332761129;2.2300000190735;2.3166667620341;2.3700001239777;2.3900001049042;2.4100000858307;2.3900000651677;2.3300000429153;2.2700000206629;2.1966666777929;2.1100000143051;2.0233333508174;1.9600000182788;1.9200000166893;1.8800000150998;1.8566666841507;1.8500000238419;1.843333363533;1.8400000333786;1.8400000333786;1.8400000333786;1.8400000333786;1.8400000333786;1.8400000333786;1.8400000333786;1.8400000333786;1.8400000333786;1.8266666928927;1.8000000119209;1.7733333309491;1.7933333317439;1.8600000143051;1.9266666968664</values>
            </fill>
            <fill fillType="STRAWPELLETS">
                <values>450;450;450;450;450;450;450;450;450;450;450;450;450;450;450;450;450;450;450;450;450;450;450;450;450;450;450;450;450;450;450;450;450;450;450;450</values>
            </fill>
            <fill fillType="HAYPELLETS">
                <values>450;540;540;540;540;540;540;540;540;540;540;540;540;540;540;540;540;540;540;540;540;540;540;540;540;540;540;540;540;540;540;540;540;540;540;540</values>
            </fill>
            <fill fillType="POTATOWASHED">
                <values>480.95998976469;466.55998236179;455.03997643948;441.35997691691;425.51998379409;409.67999067128;395.99999544024;384.479998101;372.96000076175;362.88000201702;354.24000186682;345.60000171661;341.28000164151;341.28000164151;341.28000164151;346.32000101387;356.3999997586;366.47999850333;378.71999513984;393.11998966813;407.51998419642;423.35998590231;440.63999478579;457.92000366926;472.32000248909;483.83999124527;495.35998000145;505.43997874618;514.07998747945;522.71999621272;526.3200012821;524.88000268757;523.44000409305;516.24000253737;503.27999802053;490.31999350369</values>
            </fill>
            <fill fillType="POTATOSORTED">
                <values>827.65197604108;802.87196349192;783.04795345259;759.50695445466;732.24896649814;704.99097854161;681.4499869287;661.6259916594;641.8019963901;624.45599868321;609.58799853873;594.71999839425;587.28599832201;587.28599832201;587.28599832201;595.95899717545;613.30499488234;630.65099258923;651.71398663974;676.49397703385;701.27396742797;728.53197015452;758.26798521352;788.00400027251;812.78399805164;832.60797855091;852.43195905018;869.77795675707;884.64597167158;899.51398658609;905.70899526215;903.23099769974;900.75300013733;888.36299755526;866.06098995352;843.75898235178</values>
            </fill>
            <fill fillType="DIRT">
                <values>0;270;270;270;270;270;270;270;270;270;270;270;270;270;270;270;270;270;270;270;270;270;270;270;270;270;270;270;270;270;270;270;270;270;270;270</values>
            </fill>
        </history>
    </economy>
    <vehicle>
        <snowTracksEnabled>true</snowTracksEnabled>
    </vehicle>
    <animals>
        <identifiers>
            <type name="SHEEP" next="81"/>
            <type name="CHICKEN" next="95"/>
        </identifiers>
    </animals>
</seasons>
